{
  "marketing_stripe": {
    "text": "Não sabe qual capa comprar? Fale conosco pelo WHATSAPP",
    "link": "https://web.whatsapp.com/send?phone=%2B5562991482604"
  },
  "contacts_stripe": {
    "pages": [
      {
        "title": "Sobre nós",
        "link": "/pages/sobre-nos"
      },
      {
        "title": "Nossa loja no Mercado Livre",
        "link": "https://lista.mercadolivre.com.br/_CustId_181006955"
      }
    ],
    "phone_wpp": true,
    "socials": false
  },
  "categories_list": {
    "featured": [
      "/capas-para-motores?Capas para Motores",
      "/mochilas-em-lona?Mochilas em Lona",
      "/sacolas-para-tralhas-de-pesca?Sacolas para Tralhas de Pesca"
    ],
    "random": 0,
    "full_width": false
  },
  "centralized_logo": false,
  "desktop_megamenu": false,
  "search_input": true,
  "alphabetical_order_submenu": false,
  "full_width_submenu": false
}