{
  "meta_title": "Capas de Motores para Barcos: Proteja e Preserve com Estilo!",
  "meta_description": "Explore a melhor seleção de capas de motores para barcos na nossa loja online! Proteja o coração do seu barco com as capas de alta qualidade projetadas para resistir aos elementos. Nossas capas duráveis são feitas para se ajustarem perfeitamente a uma variedade de motores, garantindo uma proteção completa contra sol, chuva, poeira e danos. Escolha entre uma variedade de tamanhos e estilos para encontrar a capa ideal que não só protege, mas também complementa o visual do seu barco. Com materiais resistentes e costuras reforçadas, nossas capas asseguram a longevidade do seu motor, economizando dinheiro em manutenções futuras. Navegue pela nossa coleção hoje mesmo e adquira a capa de motor perfeita para o seu barco!",
  "sections": [
    {
      "type": "banner-slider",
      "autoplay": 9000,
      "full_width": false,
      "slides": [
        {
          "start": "2023-08-10T03:00:00.000Z",
          "end": "",
          "img": "/img/uploads/infinity-capas-1920x600.jpg",
          "mobile_img": "/img/uploads/infinity-capas-800x940.jpg"
        },
        {
          "start": "",
          "end": "",
          "img": "/img/uploads/2-infinity-capas-1920x600-1.jpg",
          "mobile_img": "/img/uploads/2-infinity-capas-800x940-1-.jpg"
        }
      ]
    },
    {
      "type": "info-bar",
      "enabled": true
    },
    {
      "type": "collection-shelf",
      "shuffle": true,
      "collection_id": null,
      "sort": "news",
      "title": "OS MAIS VENDDIDOS",
      "headless": false,
      "limit": 12,
      "page": 1
    },
    {
      "type": "page-title",
      "title": "Capas de Motores para Barcos: Proteja e Preserve com Estilo!",
      "description": "Explore a melhor seleção de capas de motores para barcos na nossa loja online! Proteja o coração do seu barco com as capas de alta qualidade projetadas para resistir aos elementos. Nossas capas duráveis são feitas para se ajustarem perfeitamente a uma variedade de motores, garantindo uma proteção completa contra sol, chuva, poeira e danos. Escolha entre uma variedade de tamanhos e estilos para encontrar a capa ideal que não só protege, mas também complementa o visual do seu barco. Com materiais resistentes e costuras reforçadas, nossas capas asseguram a longevidade do seu motor, economizando dinheiro em manutenções futuras. Navegue pela nossa coleção hoje mesmo e adquira a capa de motor perfeita para o seu barco!"
    }
  ]
}